{
  "Total Write Requests: ": 5,
  "Total Read Requests: ": 7,
  "Average Read Requests: ": 0.5833333333333334,
  "Average Write Requests: ": 0.4166666666666667
}