{
  "Total Write Requests: ": 5,
  "Total Read Requests: ": 2,
  "Average Read Requests: ": 0.2857142857142857,
  "Average Write Requests: ": 0.7142857142857143
}