{
  "Total Write Requests: ": 4,
  "Total Read Requests: ": 3,
  "Average Read Requests: ": 0.42857142857142855,
  "Average Write Requests: ": 0.5714285714285714
}