{
  "Total Write Requests: ": 9,
  "Total Read Requests: ": 4,
  "Average Read Requests: ": 0.3076923076923077,
  "Average Write Requests: ": 0.3076923076923077
}